geodesic,resistance,protected
0.01973415466321774,0.022129512756268357,0.017116992709948875
0.019278955577382722,0.02191093058689786,0.016069326999479494
0.021098884825013858,0.02477001437009433,0.0175240868950195
0.018590404513886858,0.025170672852648842,0.016555104171438552
0.01941333688452546,0.02429469056196198,0.0119700969422248
0.02161817289700957,0.02556113670992788,0.012394377941321005
0.018970723079553786,0.022703468539090943,0.010568576541927392
0.018584855827647042,0.021031710319097913,0.014044567269836421
0.015967038581553107,0.01845286121767913,0.014472547225894996
0.015404706321507979,0.017727892707731563,0.009775875835602547
0.014897900142876853,0.01737026931911032,0.009210163428936333
0.0140064528100109,0.013905317188618526,0.011409009440379023
0.012434067383100166,0.012668110872634097,0.008070884095340288
0.010002405036798733,0.014487827326590104,0.01263788161948783
0.009550850909293468,0.00994000692882341,0.013579876232057052
0.013659710939290502,0.015478586692999148,0.013903587423377264
0.015750217738932645,0.00791515039398566,0.016767007348174327
0.01194946739212801,0.007652419530720185,0.017180440161420486
0.015968799908303143,0.00727972416898986,0.017662622906479946
0.010172061056835493,0.005261508199159247,0.012955641618994403
0.008821769205865245,0.004872371724547047,0.012392422659419299
0.009976321690802254,0.005049478247295643,0.022161556864753525
0.006723588413060084,0.006221990232349776,0.023200415569257022
0.010377148621862762,0.007890945792637572,0.01998215009599066
0.011894548669525832,0.01175392953817454,0.007681329066689854
0.012075937539708566,0.010430461078589042,0.008962358035730708
0.015006249831122113,0.011605626393657994,0.00699775244663426
0.005809208653067086,0.010816852011947072,0.004436833954182166
0.004193884802608601,0.013574405447415862,0.0020689360022508167
0.002848970223943438,0.011058142171513212,0.0036146388530319106
0.002132479152961901,0.010090327775131802,0.0018469731051604676
0.00030955567130005736,0.013486168718291652,0.003960986527798463
0.002283510632450372,0.016185572022549916,0.0
0.0,0.016219878603756385,0.004199629269356461
0.016130883279064114,0.017033500377593352,0.004504364771626263
0.012292512903372554,0.017925325931215316,0.004705518913687557
0.016503379088293954,0.021624157020870168,0.004717985158159434
0.011979597994391505,0.004154913673905384,0.008154024036372125
0.011475001588467357,0.0024798481636822624,0.006859444745170753
0.009484490810409975,0.0009993762162087186,0.008440025734357565
0.009022223805381424,0.004392427025363986,0.00859917555366168
0.010975243962511323,0.0008248380502859044,0.009185429850364897
0.007644509931035076,0.0003937647663951869,0.009148218790526382
0.006632399847599759,0.0,0.006689012848629798
0.0006196260245643892,0.001063122719679096,0.004388995306206791
0.0005332023513521593,0.006344577835976644,0.010114112770602023
0.0006090614435043428,0.0075323409588144135,0.0035840461469365914
0.0016860621638416797,0.0065154457522663845,0.002592305221491075
0.003848955778526898,0.00856102795059024,0.00036171326109838217
0.0033480370505709687,0.009993153357855932,0.0006376833027437474
0.0043317006338598205,0.010356281106132788,0.0009156048792118444
0.004897078282228687,0.010745569697426004,0.0014649327895585136
0.004395372601393908,0.011991122613681945,0.002189128096478328
0.005286984740935571,0.013627135294798478,0.011579682682015207
0.006265493262089755,0.014780182658864827,0.012679440974296512
0.008430974164274695,0.018189041827432625,0.012809516606012606
0.009727457010590551,0.01947203971396995,0.014922506402402535
0.01045561925715439,0.022406921848019824,0.013522055072333594
0.012077148800500983,0.02312444795386307,0.014526924116487087
0.005629048169231708,0.024492810042706755,0.015386889283259443
0.00821360815522807,0.022998515807463763,0.01599082741397406
0.00852771141308914,0.023649467920319873,0.017811288559198425
0.004483935162071972,0.02099254714189855,0.018262707599875444
0.00505174078302343,0.020985225531166714,0.018665748078823367
0.006373413783591577,0.02075917643070785,0.01512707845163104
0.007390439882203976,0.018979803040794607,0.0157459303747041
0.009803833090503759,0.02018062270035423,0.01904393171588008
0.010418472351656197,0.0185519131949853,0.019561487487665664
0.012052799591902613,0.018153271963200168,0.025710248297739928
0.012995302376895185,0.018713871490187217,0.02399392397714422
0.013844000495772312,0.015747049114161707,0.026656335153167923
0.0181209360929373,0.015574214666132206,0.025962850741851083
0.01743217825283345,0.012132006988781583,0.026894803516291817
0.01703151977027894,0.013619073098383236,0.018715903196816024
0.0179075020609658,0.011888052072978817,0.018227714766186707
0.014655657852905275,0.014406829318619318,0.01616015913252017
0.01949872408383684,0.0037511071779771643,0.015548279120482705
0.02117048230382987,0.004763507185322417,0.015602242777296738
0.016255573474330834,0.002012703576902573,0.014595226440076617
0.013553381732902372,0.0003888965289229971,0.01814221197903583
0.01227038384636505,0.0006145434406257466,0.013404336659480307
0.010714334706795019,0.0007229604423311718,0.013059580654060085
0.01107982910811786,0.0038583478808324754,0.012856567609476031
0.010700358014566433,0.0043194746583222355,0.010480759535577212
0.011536595149653248,0.007041500622144509,0.008051754622654976
0.011501442990997219,0.00721476175116807,0.007281831268302559
0.012218969096840468,0.008216662913611455,0.007025696728334773
0.013587331185684151,0.008485682624252287,0.01468714424036089
0.014096176875786147,0.013486513534331515,0.010380152559019085
0.01417933043935387,0.013731046960212386,0.008490388360176931
0.017599962260207446,0.017539435109890113,0.007740535641657844
0.017860441174864433,0.011807497880840526,0.006303322780023136
0.019150116044344696,0.008886935600460905,0.00494625374641612
0.01868194048614099,0.018826553889421796,0.004558176264739677
0.015694683550704542,0.018357103158676245,0.004289926907837516
0.015496143316240798,0.01940195285989361,0.0036966772364190876
0.015595608565546277,0.020900444532830464,0.01818670391478394
0.015588398791812405,0.022843232385596594,0.017348012537336886
0.022823449751213684,0.020553910984459637,0.01653858244524094
0.024065930598445084,0.019361429789850407,0.016323667529882048
0.01544390167226073,0.004777330125664806,0.017496581188692528
0.014417956918115723,0.0030059686561523698,0.0184665990199935
0.01601099874754569,0.005648512702089978,0.019111133245119396
0.013298808101430507,0.006733911626281163,0.01562421189180475
0.011271466628878518,0.009384137876199216,0.01684179111978005
0.010319986697360384,0.010606422935352898,0.01433680114466387
0.009138926573635653,0.010990195495995576,0.027417651228111687
0.016635946970284973,0.012770917222115968,0.03001705313918163
0.016277527787569735,0.0144314813423083,0.0018238206465230806
0.01569185364945302,0.01568162506621891,0.009749965865203146
0.016487319541590256,0.0176341283661722,0.009470627040657955
0.016010376482906905,0.023719318734557127,0.006314682587871346
0.016153149271677884,0.020289186718996897,0.004247292308479707
0.017972121575040002,0.0279410482976146,0.0062315765024376565
0.015263168482524507,0.03014588431009871,0.007331690301845638
0.012990968183364662,0.027498434492642925,0.00824869012491448
0.011866668169287017,0.02711256724073618,0.008174625151385227
0.010152372724074763,0.024494749994642247,0.009306426889566562
0.00946217329880405,0.02393241773459712,0.00976795618813754
0.01045689897320479,0.023425611555965994,0.011169841295821966
0.010028975417211542,0.02253416422310004,0.011772024079099445
0.009174041093246417,0.020961778796189306,0.013167075174401454
0.01012036070665931,0.018530116449887873,0.013550312052400329
0.012237519246873541,0.018078562322382606,0.013815936460663206
0.012564889740467494,0.022187422352379638,0.014407750544629864
0.012670279423406813,0.02047717880521715,0.015748594742016515
0.013635502992852018,0.01869977246992463,0.017555384560588926
0.01595187277171711,0.017349480618954385,0.019580572716563927
0.017410176857117515,0.01850403310389139,0.022115099072140144
0.018660926405647055,0.015251299826149223,0.021391320715304148
0.019320779970653335,0.018904860034951898,0.020260085298299608
0.013246643148658265,0.014336920066156224,0.0182125032973627
0.012042403224026619,0.012721596215697739,0.01604128529183509
0.010360336018995605,0.011376681637032576,0.009479680524427176
0.010278731907331348,0.01066019056605104,0.010818160511155403
0.01845286121767913,0.008837267084389196,0.012821425784594151
0.017727892707731563,0.01081122204553951,0.010968406081378845
0.01737026931911032,0.00852771141308914,0.011181634491060107
0.013905317188618526,0.018012202223499113,0.012639938576460511
0.012668110872634097,0.017549935218470564,0.013890688124990053
0.014487827326590104,0.01950295537560046,0.015355260293722518
0.00994000692882341,0.016172221344124216,0.012652479903985141
0.015478586692999148,0.015160111260688898,0.010390751384275638
0.00791515039398566,0.009147337437653528,0.009114718916886668
0.007652419530720185,0.009060913764441299,0.00807874160457016
0.00727972416898986,0.007918649969584796,0.008552374111466109
0.005261508199159247,0.01021377357693082,0.0073087667407206085
0.004872371724547047,0.012376667191616038,0.009381463175112131
0.005049478247295643,0.0051796743625181696,0.005960565499996805
0.006221990232349776,0.004196010779229318,0.014192484917280293
0.007890945792637572,0.004761388427598184,0.012357164507146839
0.01175392953817454,0.004132338811695231,0.014372579982588864
0.010430461078589042,0.005151294886305069,0.012024965961378737
0.011605626393657994,0.006129803407459253,0.01475956810584682
0.010816852011947072,0.008295284309644194,0.016089600057115336
0.013574405447415862,0.00959176715596005,0.0037443925286116315
0.011058142171513212,0.01031992940252389,0.0015991760262869521
0.010090327775131802,0.011941458945870481,0.00028558822563961217
0.013486168718291652,0.002898663243857431,0.0
0.016185572022549916,0.00031410325786106907,0.015677319707567063
0.016219878603756385,0.0,0.014667187867373994
0.017033500377593352,0.013011646575161111,0.013441303786663987
0.017925325931215316,0.01357945219611257,0.01260088621033752
0.004154913673905384,0.014901125196680716,0.011911802241039849
0.0024798481636822624,0.015918151295293115,0.01568519924028799
0.0009993762162087186,0.018331544503592898,0.01695828204726763
0.004392427025363986,0.018946183764745335,0.02346871724975745
0.0008248380502859044,0.018865767540041097,0.022462196418962285
0.0003937647663951869,0.017923264755048525,0.021540719591659374
0.0,0.0170745666361714,0.020492421086548678
0.001063122719679096,0.012797631039006413,0.020139677429710783
0.006344577835976644,0.019242046119884157,0.0181988441791179
0.0075323409588144135,0.019607540521206997,0.01352120695702339
0.0065154457522663845,0.01922806942765557,0.012921495440034743
0.00856102795059024,0.019468311609317324,0.01174675090909301
0.009993153357855932,0.016908729883184426,0.018099683254693695
0.010356281106132788,0.016825576319616703,0.017523754504094036
0.010745569697426004,0.013404944498763128,0.015203566049012207
0.011991122613681945,0.01314446558410614,0.014920960540868503
0.013627135294798478,0.010622404631255557,0.012721074104010683
0.014780182658864827,0.01015422907305185,0.012111291171407763
0.022998515807463763,0.019225314419559887,0.011466548039995243
0.023649467920319873,0.018659602012893673,0.010435281518412784
0.02099254714189855,0.020858448024336364,0.010135511084915921
0.020985225531166714,0.017520322679297626,0.005129880826099401
0.02075917643070785,0.02208732020344517,0.004496821321527059
0.018979803040794607,0.023029314816014394,0.0055735925574636
0.02018062270035423,0.023353026007334604,0.0037420529339122254
0.0185519131949853,0.02621644593213167,0.0029679789830712043
0.018153271963200168,0.017130767650647194,0.0024093760939578115
0.018713871490187217,0.01841179661968805,0.0044073818275832035
0.015747049114161707,0.016447191030591602,0.005506999580849639
0.015574214666132206,0.013886272538139509,0.0059431587215641336
0.012132006988781583,0.01530247563730345,0.0074941668383623605
0.013619073098383236,0.013756772786522356,0.007768344129679503
0.011888052072978817,0.013410425111755804,0.007938912561597478
0.014406829318619318,0.01333456826874176,0.008392274940142544
0.0037511071779771643,0.012867046867928004,0.009789096602340676
0.004763507185322417,0.012828678624410663,0.00948980844671259
0.002012703576902573,0.013852924157544733,0.011958322057915659
0.0003888965289229971,0.009380173501726095,0.012515877165426471
0.0006145434406257466,0.008772236085892587,0.013424247988110045
0.0007229604423311718,0.008693418039513772,0.015562158724852065
0.0038583478808324754,0.00932127932275729,0.015845295271578037
0.0043194746583222355,0.015596226645433654,0.016757628121967585
0.007041500622144509,0.014282638844786314,0.019729694231245116
0.00721476175116807,0.013997050619146701,0.021266180567375895
0.008216662913611455,0.007891731115127091,0.018267325066085055
0.008485682624252287,0.007060687378723265,0.017771532737297185
0.013486513534331515,0.027518257576170095,0.008599807911104044
0.013731046960212386,0.026918546059181446,0.010153694628950213
0.017539435109890113,0.025743801528239713,0.0018524893886203264
0.011807497880840526,0.025463598659141946,0.0004084015051649171
0.008886935600460905,0.024432332137559486,0.0006311560136425754
0.018826553889421796,0.024132561704062624,0.0005364062696466319
0.018357103158676245,0.0191269314452461,0.0013105275809533416
0.01940195285989361,0.01849387194067376,0.0023440585750116637
0.020900444532830464,0.019570643176610298,0.003077102116695208
0.022843232385596594,0.017739103553058928,0.003188180143879013
0.020553910984459637,0.016965029602217907,0.0012394312477666041
0.019361429789850407,0.016406426713104515,0.0009012977578466895
0.004777330125664806,0.018404432446729905,0.0013668188994924125
0.0030059686561523698,0.01950405019999634,0.0029071968933848747
0.005648512702089978,0.019940209340710835,0.004323434246729289
0.006733911626281163,0.021491217457509062,0.004457855937088698
0.009384137876199216,0.021765394748826203,0.00453199393077096
0.010606422935352898,0.02193596318074418,0.0053700079804495865
0.010990195495995576,0.022389325559289245,0.005494404490816049
0.012770917222115968,0.023786147221487378,0.005624572430737249
0.0144314813423083,0.023486859065859293,0.0073942087462934274
0.01568162506621891,0.025955372677062362,0.0065470336437000246
0.0176341283661722,0.026512927784573176,0.00629148221850329
0.023719318734557127,0.02742129860725675,0.006758610467946773
0.020289186718996897,0.01584954000776703,0.007182782417987574
0.024525591367936223,0.01440545212431162,0.008008527989143989
0.01966635678354233,0.013365894605504126,0.00931074857750555
0.019694434222118747,0.014533456888793332,0.010272693950598094
0.019450417134815445,0.01268652303819336,0.011918815346763085
0.018623486587705074,0.011652992044135037,0.012297685905401264
0.018214181456433,0.010919948502451492,0.012811721096887866
0.018958524696583587,0.017185230763025715,0.01258019213258827
0.02056699809750412,0.015236481866913305,0.014183135859319875
0.018987437068470184,0.01489834837699339,0.011507353876272598
0.022608783582295046,0.015363869518639113,0.010560399805904128
0.015972952418339386,0.016904247512531577,0.009703859086186754
0.01546596406762023,0.01832048486587599,0.0098272477822532
0.014392652156732735,0.018454906556235398,0.0076088345527393
0.014252673562236255,0.01852904454991766,0.015613312659247475
0.02452026618223764,0.01936705859959629,0.016059133803694777
0.019038220809357517,0.019491455109962752,0.0175125525945576
0.01967404948523916,0.019621623049883952,0.0176961244070237
0.017861283766392493,0.02139125936544013,0.017993203203956542
0.020335380499437405,0.020544084262846728,0.017785044180473518
0.02203475803536744,0.020288532837649993,0.01723007990553724
0.02525495184415755,0.020755661087093476,0.019685293565574517
0.01668147187202192,0.021179833037134277,0.015570164097522562
0.013381080978346891,0.02200557860829069,0.014461471420781205
0.012414836227703414,0.023146353594492013,0.014119733715925037
0.01182530513816849,0.022184408221399467,0.013022639003044179
0.01045017440868032,0.020538286825234477,0.012756854358915503
0.009775797909201057,0.020159416266596297,0.01159166137787262
0.009234286733050023,0.02060243755355671,0.011264257700088608
0.015342424359167406,0.01987691003940929,0.009537663637033657
0.013506315246829922,0.019231022791124697,0.006632016602447503
0.011655385581109472,0.017169484450611484,0.00464103002692342
0.01334640562804912,0.016222530380243013,0.007480177956753254
0.010102840059119208,0.015365989660525638,0.004171964787615478
0.009461143813206428,0.015489378356592084,0.008711069929850698
0.009216316222210827,0.013270965127078182,0.008402597148766174
0.008706257707368579,0.017800845991197096,0.008087374791460161
0.007702214787921524,0.017355024846749795,0.00845970206863551
0.009660295461404017,0.01710439899157446,0.010012287469230021
0.008423771322414087,0.014543471010706173,0.010332292634446084
0.006455191445487656,0.014117253895846496,0.01193614377102709
0.0062553305770383216,0.015718034243420873,0.012256592885402326
0.007086212733176549,0.014597904505245438,0.01365054140833637
0.004573819793549111,0.013844762309930576,0.01291109908092981
0.001377917718912182,0.014399726584866853,0.014819727382812698
0.0005060809624398468,0.011944512924829575,0.016201351918436864
0.008687854644126606,0.012762020419136917,0.005404168635478604
0.00943630329033967,0.01165332774239556,0.004778921146791033
0.006597989886532461,0.011311590037539392,0.0035618588437921293
0.013138490600724542,0.010214495324658533,0.004471012977828641
0.013562771599820746,0.006916190259171588,0.0038092201187604844
0.01454001100102195,0.005890245505026582,0.005017305583963585
0.015181868010976696,0.007483287334456549,0.005424171759448977
0.014753888054918122,0.004771096688341366,0.005816430609750423
0.012045995119392632,0.0027437552157893773,0.006265957647799577
0.011563812374333174,0.0017922752842712444,0.008127260357631576
0.002120490848900691,0.0006112151605465137,0.007457816586750098
0.0006100798760778672,0.009948710680529858,0.007765648502436573
0.0004892975288509042,0.008783517699486975,0.008049947683674242
0.0,0.008456114021702963,0.008668074865164304
0.006525701816791342,0.0067295199586480114,0.009793384436236513
0.00701450293954809,0.012294147176786384,0.010750325257151477
0.0057938479133509725,0.010303160601262303,0.009869752505404292
0.008358383977924124,0.013142308531092136,0.010497951983720543
0.008847561889633463,0.00983409536195436,0.01941333688452546
0.009595686075595678,0.005902926251465052,0.02161817289700957
0.005442309932098067,0.005594453470380528,0.018970723079553786
0.0016505070724130372,0.01067388881022814,0.018584855827647042
0.0006988576781506724,0.008108235557195833,0.015967038581553107
0.0004914171737136688,0.0077498163744805955,0.015404706321507979
0.0006536151905059226,0.00716414223636388,0.014897900142876853
0.0037770319723495985,0.007959608128501118,0.0140064528100109
0.007090416413631416,0.022084425410606862,0.012434067383100166
0.007678049139209931,0.02245675268778221,0.010002405036798733
0.0040863144993208405,0.008729171079609604,0.009550850909293468
0.00580595440988811,0.007482665069817764,0.013659710939290502
0.0067338384582074735,0.007625437858588743,0.015750217738932645
0.006461101154212382,0.009444410161950863,0.01194946739212801
0.010064835174537216,0.0067354570694353666,0.015968799908303143
0.008270459430071882,0.004463256770275523,0.010172061056835493
0.009303916446597713,0.0033389567561978774,0.008821769205865245
0.009431594561098022,0.001624661310985624,0.009976321690802254
0.009624687649230987,0.000934461885714911,0.006723588413060084
0.011588665438655067,0.011383440665322393,0.010377148621862762
0.012088519683811175,0.010441051721129914,0.011894548669525832
0.010420681770169892,0.010435191775354572,0.012075937539708566
0.011205221751955157,0.009535047171741197,0.005809208653067086
0.011414227501225237,0.010187830500386217,0.004193884802608601
0.011484227689033203,0.008979745035183118,0.002848970223943438
0.013563409001204816,0.008572878859697725,0.002132479152961901
0.01123142519572668,0.008189629539819415,0.00030955567130005736
0.015794662555273502,0.007740102501770261,0.002283510632450372
0.016357881514848606,0.005878799791938261,0.0
0.023191925479042155,0.006539234032396605,0.016130883279064114
0.022153066774538658,0.00623140211671013,0.012292512903372554
0.023947608951419966,0.006515701297947799,0.016503379088293954
0.019117540860838996,0.005328975753982399,0.011979597994391505
0.019027847772824052,0.004844523092929956,0.011475001588467357
0.018148082345595958,0.003887582272014992,0.009484490810409975
0.015825390377231734,0.00412729811374241,0.009022223805381424
0.015480365034068785,0.0034990986354261587,0.010975243962511323
0.013995597933523854,0.002697388977605354,0.007644509931035076
0.017170621492252697,0.0019291875601156498,0.006632399847599759
0.016644899829725817,0.0015012640041224016,0.0006196260245643892
0.016774975461441913,0.0006463296801572771,0.0005332023513521593
0.01888796525783184,0.0015926492935701693,0.0006090614435043428
0.0174875139277629,0.003709807833784402,0.0016860621638416797
0.019711389230133405,0.004037178327378355,0.003848955778526898
0.023009390571309386,0.004142568010317674,0.0033480370505709687
0.02352694634309497,0.00510779157976288,0.0043317006338598205
0.029675707153169237,0.006403005558175422,0.004897078282228687
0.027959382832573525,0.007424161358627968,0.004395372601393908
0.03062179400859723,0.008882465444028372,0.005286984740935571
0.030361862015957315,0.010133214992557914,0.006265493262089755
0.026714926552407852,0.011597787161290379,0.008430974164274695
0.025410292897673447,0.004718931735569126,0.009727457010590551
0.025068003178280833,0.0035146918109374794,0.01045561925715439
0.023620457372518208,0.0018326246059064658,0.012077148800500983
0.020558816921462834,0.0017510204942422095,0.005629048169231708
0.020193459630462596,0.017953539486012964,0.00821360815522807
0.019210274284191257,0.013094304901619072,0.00852771141308914
0.018403516426394383,0.013122382340195483,0.004483935162071972
0.016801403111489952,0.012878365252892186,0.00505174078302343
0.012074864126382864,0.012051434705781816,0.006373413783591577
0.00827392154043918,0.01164212957450974,0.007390439882203976
0.00809591987360843,0.012386472814660326,0.009803833090503759
0.00857766795290655,0.013994946215580853,0.010418472351656197
0.00852889271196773,0.012415385186546921,0.012052799591902613
0.010346938403235344,0.01603673170037178,0.012995302376895185
0.012817382594792178,0.009400900536416125,0.013844000495772312
0.010141753935548517,0.008893912185696969,0.01743217825283345
0.010826430485406997,0.007820600274809474,0.01703151977027894
0.012601144013824672,0.007680621680312994,0.0179075020609658
0.012392634347571948,0.017948214300314375,0.014655657852905275
0.029928309597280385,0.0039010171668603317,0.01949872408383684
0.03086026237172112,0.0005876327255785148,0.016255573474330834
0.03138311008354099,0.0,0.013553381732902372
0.033982511994610935,0.009334528055627206,0.01227038384636505
0.013420315473529787,0.008301071039101377,0.010714334706795019
0.012372649763060404,0.008173392924601067,0.01107982910811786
0.013827409658600413,0.007980299836468103,0.010700358014566433
0.013472553072021635,0.0060163220470440225,0.011536595149653248
0.012906840665355421,0.005516467801887914,0.011501442990997219
0.01510568667679811,0.01551387633983223,0.012218969096840468
0.011767561331759376,0.01447501763532873,0.013587331185684151
0.016334558855906917,0.017693283108595095,0.014096176875786147
0.01727655346847614,0.011439491721629067,0.01417933043935387
0.01760026465979635,0.011349798633614122,0.017599962260207446
0.020463684584593415,0.010470033206386026,0.017860441174864433
0.011378006303108942,0.008147341238021804,0.019150116044344696
0.012659035272149797,0.007802315894858855,0.01868194048614099
0.010694429683053348,0.006317548794313923,0.01544390167226073
0.008133511190601253,0.018631501488705675,0.014417956918115723
0.005765613238669904,0.018113945716920092,0.01601099874754569
0.007311316089450998,0.02426270652699436,0.013298808101430507
0.005543650341579555,0.02254638220639865,0.011271466628878518
0.00765766376421755,0.025208793382422354,0.010319986697360384
0.0036966772364190876,0.022683812876747388,0.009138926573635653
0.007896306505775549,0.019036877413197924,0.01920160022331728
0.008201042008045351,0.01773224375846352,0.016635946970284973
0.008402196150106645,0.017389954039070905,0.016277527787569735
0.008414662394578522,0.01594240823330828,0.01569185364945302
0.011850701272791213,0.012880767782252904,0.016487319541590256
0.010556121981589842,0.012515410491252665,0.016010376482906905
0.012136702970776654,0.011532225144981326,0.016153149271677884
0.012295852790080768,0.010725467287184452,0.017972121575040002
0.012882107086783985,0.009123353972280021,0.015263168482524507
0.01284489602694547,0.0043968149871729326,0.012990968183364662
0.010385690085048886,0.0005958724012292493,0.011866668169287017
0.00808567254262588,0.0004178707343984992,0.010152372724074763
0.009153272506609406,0.000899618813696618,0.00946217329880405
0.00728072338335568,0.0008508435727577977,0.011225100390694494
0.006288982457910163,0.002668889264025413,0.01045689897320479
0.00405839049751747,0.005139333455582247,0.010028975417211542
0.004334360539162835,0.0024637047963385855,0.009174041093246417
0.0027810723572072433,0.0031483813461970662,0.01012036070665931
0.005161610025977601,0.004923094874614741,0.012237519246873541
0.005885805332897415,0.0058205824656486875,0.012564889740467494
0.01822360135290618,0.024515308971105508,0.012670279423406813
0.019083566519678533,0.02544726174554624,0.012042403224026619
0.01860044322094667,0.025970109457366112,0.010360336018995605
0.016779982075722302,0.028569511368436055,0.010278731907331348
0.016328563035045283,0.012273023957372314,0.0073652391567686736
0.01592552255609736,0.012908852633253958,0.004906909288827668
0.011430401215211952,0.011096086914407291,0.021549255503066158
0.015019225960396934,0.0135701836474522,0.020892146209916383
0.014531037529767617,0.015269561183382234,0.018368858909471136
0.01246348189610108,0.018489754992172345,0.029133123282797005
0.011851601884063617,0.009916275020036716,0.02859672284185453
0.01190556554087765,0.0066158841263616874,0.013268116844195389
0.010898549203657529,0.005649639375718209,0.0141532777147167
0.014445534742616742,0.018557805148484135,0.017462677960073773
0.009707659423061218,0.018102606062649115,0.02010455565917465
0.009362903417640997,0.01992253531028025,0.026021141416815895
0.009159890373056943,0.01741405499915325,0.02782211521292918
0.006784082299158124,0.01694160147798479,0.0304882558895997
0.004355077386235888,0.016760212607802055,0.028842699657928024
0.0035851540318834717,0.013829900316388507,0.02619338699754953
0.003329019491915686,0.010053882588855357,0.021759760267641225
0.010990467003941802,0.013892252964546915,0.021349099436825104
0.0066834753225999965,0.009681386779625515,0.011719858399704488
0.0047937111237578425,0.014205167873527965,0.011231778123106613
0.004043858405238756,0.002591018405118467,0.010221696819570993
0.0026066455436040484,0.0012158876756302966,0.010568325970880229
0.0012495765099970332,0.0005415111761510344,0.006807375893558308
0.0008614990283205896,0.0,0.013991073290211466
0.0005932496714184291,0.014709764279452113,0.014697818956598253
0.0,0.014518334035970937,0.0077201390651195495
0.01449002667836485,0.013340006831269822,0.005580357558934898
0.013651335300917795,0.013240541581964343,0.004943466753547275
0.012841905208821851,0.0085772275071822,0.002909029707307618
0.012626990293462956,0.006741118394844717,0.0008868792029088089
0.013799903952273434,0.00640909002231215,0.005310954575915704
0.014769921783574409,0.004718069975372503,0.000621851384165499
0.015414456008700304,0.007961635544302414,0.0069796749103026405
0.011927534655385664,0.0002268570801564041,0.0
0.01314511388336096,0.0004762029075953934,0.007419704302533994
0.010640123908244783,0.0005280290256814449,0.008678751236398902
0.001872856589896007,0.0015320719451285,0.009270583780777952
0.00605328862878406,0.008404180142017605,0.009689371565728645
0.005773949804238869,0.009640704281007535,0.012040731329408399
0.0026180053514522584,0.011609284157933965,0.013699699205992703
0.009995001186162639,0.0118091450263833,0.014318604845476228
0.0005506150720606193,0.002148073999873475,0.01576563352267162
0.0025348992660185685,0.004660466939500913,0.01086791708240335
0.00363501306542655,0.007856369014137842,0.01255796131532316
0.004552012888495391,0.008728205770610177,0.01531760854865347
0.004477947914966139,0.0010046644856796139,0.017878536529521757
0.006785479072566566,0.0006961899757242375,0.009776072300512712
0.005609749653147475,0.003094529243273759,0.008423686114189583
0.006071278951718453,0.004398377286109109,0.01767653338445029
0.0074731640594028785,0.004822658285205314,0.018937195400537052
0.007821456384883074,0.005799897686406517,0.015067954624260728
0.008295088891779023,0.00647284761372073,0.014708139719342121
0.009124177955425045,0.006900827569779304,0.01403424836636931
0.008075346842680358,0.009608720505304792,0.016282215331350904
0.009470397937982367,0.01009090325036425,0.01509507137845294
0.009853634815981243,0.007572028280905529,0.015044900106035779
0.01011925922424412,0.009082439253728352,0.01756991715238376
0.010711073308210778,0.009203221600955314,0.01438428993621368
0.01205191750559743,0.009234286733050025,0.01302902015396027
0.013858707324169838,0.015129013807906082,0.006669925295097944
0.01588389548014484,0.014640212685149335,0.007688566663571269
0.018418421835721056,0.015028134646400997,0.008133088164547796
0.01769464347888506,0.0132963316467733,0.008574274603702622
0.01656340806188052,0.012807153735063961,0.010720907450312116
0.01451582606094361,0.018829972808645703,0.008415222229772498
0.012344608055416005,0.014676596665148091,0.010301020920644166
0.013221470035460536,0.010884793805463061,0.012796091949914181
0.014231601875653607,0.009933144411200696,0.013019088075073435
0.013176357760846264,0.009725703906763694,0.011540634799794128
0.014665083317797933,0.009887901923555948,0.01283411892542255
0.004906909288827668,0.013320601232370865,0.004755625637623378
0.021549255503066158,0.012258521193533512,0.0029802873078608504
0.020892146209916383,0.012287652907552453,0.0017586119522621923
0.018368858909471136,0.01201491560355736,0.0003111060197718355
0.029133123282797005,0.015618649623882196,0.02028343449949486
0.02859672284185453,0.015974496219514873,0.020940755901385413
0.013268116844195389,0.016759036201300138,0.01957486242089654
0.0141532777147167,0.01696804195057022,0.02124321265915281
0.017462677960073773,0.017038042138378184,0.01264688566344706
0.02010455565917465,0.019117223450549795,0.00044329350410601305
0.026021141416815895,0.020465711928776706,0.001452984092979407
0.02782211521292918,0.02125759334203661,0.0037900418264240118
0.0304882558895997,0.020694374382461505,0.004238209789193194
0.028842699657928024,0.009509029483163156,0.00047064007560899116
0.02619338699754953,0.007928448493976344,0.0007883546430413962
0.021759760267641225,0.019881634405057413,0.0013737380908846312
0.021349099436825104,0.020981392697338716,0.006146223554040596
0.011719858399704488,0.021111468329054812,0.008463617530507735
0.011231778123106613,0.023224458125444738,0.008903782630924334
0.010221696819570993,0.0218240067953758,0.009536111389815045
0.010568325970880229,0.024047882097746304,0.015679598735506367
0.006807375893558308,0.021647100236480078,0.020794892816546284
0.013991073290211466,0.02288958108371148,0.021887591990985313
0.014697818956598253,0.009376457068291032,0.022142122580593854
0.0077201390651195495,0.00832879135782165,0.022523586815750778
0.005580357558934898,0.009783551253361658,0.020854684384449904
0.004943466753547275,0.009587508746818312,0.017224122755104553
0.002909029707307618,0.007740535641657845,0.016247573072719262
0.0008868792029088089,0.014429548490287642,0.015844118364009625
0.005310954575915704,0.012129530947864637,0.016771979986155913
0.000621851384165499,0.013197130911848164,0.01616739548284485
0.0069796749103026405,0.011324581788594437,0.01539852168592947
0.0,0.01033284086314892,0.01837634735329483
0.007419704302533994,0.008102248902756227,0.017648100679890366
0.008678751236398902,0.008378218944401591,0.01611072617070162
0.009270583780777952,0.006824930762446,0.012587079610513155
0.009689371565728645,0.009205468431216357,0.015541303218476847
0.012040731329408399,0.009929663738136172,0.016102368158941407
0.013699699205992703,0.022267459758144936,0.015437077757926371
0.014318604845476228,0.021652344151228856,0.014374583429342197
0.01576563352267162,0.02104840602051424,0.01198384948195031
0.01086791708240335,0.019227944875289872,0.003068333640927622
0.01255796131532316,0.018776525834612853,0.0018074057676329956
0.01531760854865347,0.01837348535566493,0.004187085328670197
0.017878536529521757,0.01387836401477952,0.01164551279402911
0.018304753644381434,0.017467188759964503,0.0053587763321638225
0.009776072300512712,0.016979000329335185,0.004627485827605684
0.008423686114189583,0.014911444695668647,0.004658005983859572
0.01767653338445029,0.014299564683631184,0.004609422195937121
0.018937195400537052,0.013403199689113823,0.0058079688776465545
0.015067954624260728,0.014410216026333944,0.006566935296591682
0.014708139719342121,0.01086323048737473,0.007127898508779485
0.018785404253780377,0.013751517828299975,0.00875376073508578
0.018577245230297353,0.013406761822879754,0.00804675546352723
0.01858722633340179,0.0132037487782957,0.00744651384788759
0.020477494615398353,0.01082794070439688,0.00653269791071452
0.02069181259383899,0.008398935791474644,0.005070018056342545
0.01403424836636931,0.007629012437122228,0.005011481772127579
0.014592524491693334,0.007372877897154443,0.016879051387001093
0.016931582638143986,0.006946608598703046,0.016208585193636323
0.018548510683306187,0.002639616917361241,0.017961053939984914
0.017166886147682022,0.0007498527185190869,0.0152384105879287
0.016282215331350904,0.0,0.013395404553030864
0.01509507137845294,0.006650503948842805,0.01121955653453866
0.015044900106035779,0.00529343491523579,0.01103962887364323
0.01756991715238376,0.004905357433559346,0.013664128874479372
0.01438428993621368,0.004637108076657186,0.013476202784292374
0.01302902015396027,0.004043858405238757,0.0112520615809495
0.006669925295097944,0.010446168273126095,0.010860600069023982
0.007688566663571269,0.00960747689567904,0.011283763694743317
0.008133088164547796,0.008798046803583096,0.009515281108792243
0.008574274603702622,0.008583131888224202,0.010982758555572503
0.010720907450312116,0.00975604554703468,0.011556497944717753
0.008415222229772498,0.010726063378335654,0.013856793137769066
0.010301020920644166,0.01137059760346155,0.016574406611785816
0.012796091949914181,0.007883676250146908,0.005572463545606958
0.013019088075073435,0.009101255478122204,0.005682272129429225
0.011540634799794128,0.006596265503006026,0.00851127795804241
0.01283411892542255,0.005916714995134764,0.010684211257819496
0.004755625637623378,0.010097147034022818,0.011166303050997991
0.0029802873078608504,0.009817808209477627,0.011508570220278748
0.0017586119522621923,0.006661863756691016,0.01318168822487527
0.0003111060197718355,0.006089607759349796,0.013381661013083109
0.02028343449949486,0.004594473477299376,0.014085938589994988
0.020940755901385413,0.0015089591392201877,0.01551917528419724
0.01957486242089654,0.0004088453398122062,0.017487236773764077
0.02124321265915281,0.0005081544832566357,0.020781649131072506
0.01264688566344706,0.00043408950972738283,0.021432601243928616
0.00044329350410601305,0.0027416206673278104,0.021031710319097913
0.001452984092979407,0.001565891247908719,0.01845286121767913
0.0037900418264240118,0.0020274205464796964,0.017727892707731563
0.004238209789193194,0.0034293056541641223,0.01737026931911032
0.00047064007560899116,0.0037775979796443176,0.013905317188618526
0.0007883546430413962,0.004251230486540266,0.012668110872634097
0.0013737380908846312,0.004547572843493868,0.014487827326590104
0.006146223554040596,0.0050803195501862896,0.00994000692882341
0.008463617530507735,0.005895774084217671,0.015478586692999148
0.008903782630924334,0.014997484332311663,0.00791515039398566
0.009536111389815045,0.013162163922178208,0.007652419530720185
0.015679598735506367,0.015177579397620234,0.00727972416898986
0.020794892816546284,0.012829965376410107,0.005261508199159247
0.021887591990985313,0.01556456752087819,0.004872371724547047
0.022142122580593854,0.016894599472146703,0.005049478247295643
0.022523586815750778,0.008111947055602847,0.006221990232349776
0.020854684384449904,0.004031488437441602,0.007890945792637572
0.017224122755104553,0.005426539532743611,0.01175392953817454
0.016247573072719262,0.005809776410742487,0.010430461078589042
0.015844118364009625,0.006075400819005365,0.011605626393657994
0.016771979986155913,0.006667214902972021,0.010816852011947072
0.01616739548284485,0.008008059100358674,0.013574405447415862
0.01539852168592947,0.009814848918931083,0.011058142171513212
0.01837634735329483,0.011840037074906083,0.010090327775131802
0.017648100679890366,0.014374563430482303,0.013486168718291652
0.01611072617070162,0.013650785073646306,0.016185572022549916
0.012587079610513155,0.012519549656641767,0.016219878603756385
0.015541303218476847,0.010471967655704855,0.017033500377593352
0.016102368158941407,0.008300749650177248,0.017925325931215316
0.015437077757926371,0.00917761163022178,0.004154913673905384
0.014374583429342197,0.01018774347041485,0.0024798481636822624
0.01198384948195031,0.011413627551124857,0.0009993762162087186
0.003068333640927622,0.013405885625368888,0.004392427025363986
0.0018074057676329956,0.012943129096748995,0.0008248380502859044
0.004187085328670197,0.01649019865531936,0.0003937647663951869
0.01164551279402911,0.017763281462298997,0.0
0.0053587763321638225,0.03363906686168962,0.001063122719679096
0.004627485827605684,0.03263254603089445,0.006344577835976644
0.004658005983859572,0.03171106920359154,0.0065154457522663845
0.004609422195937121,0.030662770698480845,0.00856102795059024
0.0058079688776465545,0.03031002704164295,0.009993153357855932
0.006566935296591682,0.028369193791050067,0.010356281106132788
0.007127898508779485,0.025732508336784234,0.010745569697426004
0.00875376073508578,0.026015644883510203,0.011991122613681945
0.00804675546352723,0.026927977733899752,0.013627135294798478
0.00744651384788759,0.025619927688554398,0.014780182658864827
0.00653269791071452,0.02408344135242362,0.02099254714189855
0.005070018056342545,0.019072324481116423,0.020985225531166714
0.005011481772127579,0.018576532152328552,0.02075917643070785
0.016879051387001093,0.0162551234266848,0.018979803040794607
0.016208585193636323,0.014701236708838631,0.02018062270035423
0.017961053939984914,0.004906909288827668,0.0185519131949853
0.0152384105879287,0.021549255503066158,0.018153271963200168
0.013395404553030864,0.020892146209916383,0.018713871490187217
0.01121955653453866,0.018368858909471136,0.015747049114161707
0.01103962887364323,0.029133123282797005,0.015574214666132206
0.013664128874479372,0.02859672284185453,0.012132006988781583
0.013476202784292374,0.013268116844195389,0.013619073098383236
0.0112520615809495,0.0141532777147167,0.011888052072978817
0.010860600069023982,0.017462677960073773,0.014406829318619318
0.011283763694743317,0.02010455565917465,0.0037511071779771643
0.009515281108792243,0.026021141416815895,0.004763507185322417
0.010982758555572503,0.02782211521292918,0.002012703576902573
0.011556497944717753,0.0304882558895997,0.0003888965289229971
0.013856793137769066,0.028842699657928024,0.0006145434406257466
0.016574406611785816,0.02619338699754953,0.0007229604423311718
0.005572463545606958,0.021759760267641225,0.0038583478808324754
0.005682272129429225,0.021349099436825104,0.0043194746583222355
0.00851127795804241,0.011719858399704488,0.007041500622144509
0.010684211257819496,0.011231778123106613,0.00721476175116807
0.011166303050997991,0.010221696819570993,0.008216662913611455
0.011508570220278748,0.010568325970880229,0.008485682624252287
0.01318168822487527,0.006807375893558308,0.013486513534331515
0.013381661013083109,0.013991073290211466,0.013731046960212386
0.014085938589994988,0.014697818956598253,0.017539435109890113
0.01551917528419724,0.0077201390651195495,0.011807497880840526
0.017487236773764077,0.005580357558934898,0.008886935600460905
0.00745978113911761,0.004943466753547275,0.018826553889421796
0.00784517301036724,0.002909029707307618,0.018357103158676245
0.006496971769643437,0.0008868792029088089,0.01940195285989361
0.014728891186926924,0.005310954575915704,0.020900444532830464
0.01289357077679347,0.000621851384165499,0.022843232385596594
0.014908986252235495,0.0069796749103026405,0.020553910984459637
0.012561372231025368,0.0,0.019361429789850407
0.015295974375493451,0.007419704302533994,0.004777330125664806
0.016626006326761963,0.008678751236398902,0.0030059686561523698
0.004280798798258263,0.009270583780777952,0.005648512702089978
0.0021355822959335836,0.009689371565728645,0.006733911626281163
0.000821994495286244,0.012040731329408399,0.009384137876199216
0.0005364062696466319,0.013699699205992703,0.010606422935352898
0.013977710056310618,0.014318604845476228,0.010990195495995576
0.013137292479984151,0.01576563352267162,0.012770917222115968
0.01244820851068648,0.022120166811907878,0.0144314813423083
0.016221605509934622,0.02154423806130822,0.01568162506621891
0.01749468831691426,0.01922404960622639,0.0176341283661722
0.02400512351940408,0.018941444098082683,0.023719318734557127
0.022998602688608913,0.01674155766122486,0.020289186718996897
0.022077125861306002,0.01613177472862194,0.0070563666463553006
0.021028827356195306,0.01086791708240335,0.018270260790897903
0.02067608369935741,0.01255796131532316,0.013411026206504011
0.018735250448764527,0.009776072300512712,0.013439103645080422
0.01298480068737676,0.008423686114189583,0.013195086557777125
0.012385089170388112,0.01767653338445029,0.012368156010666756
0.011210344639446378,0.018937195400537052,0.011958850879394679
0.017563276985047064,0.015067954624260728,0.012703194119545265
0.016987348234447405,0.014708139719342121,0.014311667520465792
0.014667159779365576,0.01403424836636931,0.01273210649143186
0.014384554271221872,0.01823077843079968,0.01635345300525672
0.012184667834364052,0.017910773265583615,0.009717621841301064
0.011574884901761132,0.016306922129002612,0.009210633490581908
0.010930141770348612,0.015986473014627377,0.008137321579694413
0.009898875248766153,0.014592524491693334,0.007997342985197933
0.00959910481526929,0.016931582638143986,0.018264935605199314
0.005666287095746033,0.018548510683306187,0.012782890232319197
0.005033227591173691,0.017166886147682022,0.01341871890820084
0.005262128236793719,0.016282215331350904,0.011605953189354173
0.0032056466642655934,0.01509507137845294,0.014080049922399083
0.003504385252717836,0.015044900106035779,0.015779427458329116
0.002945782363604443,0.01756991715238376,0.018999621267119227
0.0049437880972298355,0.01438428993621368,0.010426141294983598
0.006043405850496271,0.01302902015396027,0.007125750401308569
0.0064795649912107655,0.006669925295097944,0.00615950565066509
0.008030573108008993,0.007688566663571269,0.019067671423431017
0.008304750399326134,0.008133088164547796,0.018612472337595998
0.008475318831244109,0.008574274603702622,0.020432401585227133
0.008928681209789175,0.010720907450312116,0.017923921274100134
0.010325502871987309,0.008415222229772498,0.014339766591335389
0.010026214716359222,0.010301020920644166,0.014400163431501767
0.01249472832756229,0.012796091949914181,0.013025032702013597
0.013052283435073102,0.013019088075073435,0.012350656202534335
0.013960654257756677,0.011540634799794128,0.0118091450263833
0.016098564994498694,0.01283411892542255,0.01502820031091782
0.016381701541224664,0.004755625637623378,0.013849873106216704
0.017294034391614213,0.0029802873078608504,0.013750407856911225
0.020266100500891743,0.0017586119522621923,0.009087093782129083
0.021802586837022523,0.0003111060197718355,0.007250984669791598
0.018803731335731686,0.02028343449949486,0.00540005500407115
0.018307939006943816,0.020940755901385413,0.007091075051010796
0.009136214180750675,0.01957486242089654,0.003847509482080886
0.010690100898596844,0.02124321265915281,0.011582287946226896
0.002388895658266958,0.01264688566344706,0.012285347933978693
0.0009448077748115489,0.00044329350410601305,0.012337174052064744
0.0011675622832892072,0.001452984092979407,0.0133412169715118
0.0,0.0037900418264240118,0.003404964884365695
0.0018469338505999735,0.004238209789193194,0.0021684407453757657
0.0028804648446582957,0.00047064007560899116,0.0001998608684493346
0.00361350838634184,0.0007883546430413962,0.0
0.002651773874232381,0.0013737380908846312,0.013341543310214869
0.0007030249781199723,0.006146223554040596,0.010829150370587431
0.00036489148820005764,0.008463617530507735,0.007633248295950502
0.0008304126298457806,0.008903782630924334,0.006761411539478167
0.0023707906237382427,0.009536111389815045,0.012813809512062914
0.0037870279770826575,0.015679598735506367,0.012505335002107537
0.003921449667442066,0.020794892816546284,0.01285332046357078
0.003995587661124328,0.021887591990985313,0.008375821425939012
0.0048336017108029546,0.022142122580593854,0.006865410453116188
0.004957998221169417,0.022523586815750778,0.006744628105889225
0.005088166161090617,0.020854684384449904,0.006255330577038321
0.006857802476646796,0.017224122755104553,0.012781032393829663
0.0060106273740533935,0.016247573072719262,0.01326983351658641
0.005755075948856658,0.015844118364009625,0.012049178490389292
0.006222204198300142,0.016771979986155913,0.014613714554962446
0.006646376148340943,0.01616739548284485,0.015102892466671784
0.0074721217194973575,0.01539852168592947,0.015851016652633998
0.008774342307858918,0.01837634735329483,0.011697640509136388
0.009736287680951463,0.017648100679890366,0.007905837649451358
0.011382409077116453,0.01611072617070162,0.006954188255188993
0.011761279635754632,0.012587079610513155,0.006746747750751989
0.012275314827241235,0.015541303218476847,0.005601715386532398
0.01204378586294164,0.016102368158941407,0.010032362549387918
0.013646729589673244,0.015437077757926371,0.011937289634239283
0.012043760145919229,0.014374583429342197,0.011349656908660768
0.011096806075550759,0.01198384948195031,0.002169016077717481
0.010240265355833385,0.003068333640927622,0.00044937616715021194
0.010363654051899832,0.0018074057676329956,0.00047850788116915227
0.008145240822385932,0.004187085328670197,0.00020577057717406018
0.015076906389600844,0.01164551279402911,0.003809504597498895
0.015522727534048144,0.0053587763321638225,0.002015128853033561
0.017159718137377065,0.004627485827605684,0.003048585869559391
0.01610657036716919,0.004658005983859572,0.0031762639840597004
0.014997877690427836,0.004609422195937121,0.003369357072192665
0.014656139985571668,0.0058079688776465545,0.005333334861616745
0.01355904527269081,0.006566935296591682,0.0058331891067728535
0.013293260628562134,0.007127898508779485,0.004165351193131571
0.012128067647519251,0.00875376073508578,0.004949891174916836
0.01180066396973524,0.00804675546352723,0.005158896924186916
0.010074069906680288,0.00744651384788759,0.005228897111994882
0.007168422872094134,0.00653269791071452,0.007308078424166494
0.005177436296570052,0.005070018056342545,0.017486755772764997
0.008016584226399885,0.005011481772127579,0.022789148630289836
0.00470837105726211,0.016879051387001093,0.022699455542274892
0.00924747619949733,0.016208585193636323,0.021819690115046798
0.008939003418412805,0.017961053939984914,0.019496998146682574
0.00755096852181353,0.0152384105879287,0.019151972803519626
0.007923295798988879,0.013395404553030864,0.017667205702974694
0.00947588119958339,0.01121955653453866,0.03403346978540815
0.009795886364799453,0.01103962887364323,0.03038653432185869
0.011399737501380458,0.013664128874479372,0.029081900667124284
0.011720186615755695,0.013476202784292374,0.02873961094773167
0.004867762365831972,0.0112520615809495,0.027292065141969045
0.005315327416437665,0.010860600069023982,0.02423042469091367
0.004098265113438761,0.011283763694743317,0.023865067399913432
0.005007419247475273,0.009515281108792243,0.022881882053642093
0.004345626388407116,0.010982758555572503,0.02207512419584522
0.005553711853610217,0.011556497944717753,0.02047301088094079
0.005960578029095609,0.013856793137769066,0.0157464718958337
0.006352836879397054,0.005572463545606958,0.011945529309890016
0.006802363917446208,0.005682272129429225,0.010931786174262268
0.008663666627278207,0.00851127795804241,0.01045003809496415
0.00799422285639673,0.010684211257819496,0.012200500481418566
0.008302054772083204,0.011166303050997991,0.014018546172686181
0.008586353953320873,0.011508570220278748,0.016488990364243016
0.009204481134810935,0.01318168822487527,0.008885952112322182
0.010329790705883144,0.013381661013083109,0.008201275562463702
0.011286731526798108,0.014085938589994988,0.006426562034046027
0.010406158775050923,0.01551917528419724,0.006137303770533627
0.011034358253367174,0.017487236773764077,0.02215696651142696
0.011836067911187978,0.00745978113911761,0.023399447358658364
